<?xml version="1.0" encoding="utf-8"?>
<!DOCTYPE hibernate-mapping PUBLIC "-//Hibernate/Hibernate Mapping DTD 3.0//EN"
"http://www.hibernate.org/dtd/hibernate-mapping-3.0.dtd">
<!-- 
    Mapping file autogenerated by MyEclipse Persistence Tools
-->
<hibernate-mapping>
    <class name="com.netbar.dao.Computer" table="computer" catalog="netbar">
        <id name="computerId" type="java.lang.Integer">
            <column name="computerID" />
            <generator class="assigned" />
        </id>
        <property name="price" type="java.lang.Double">
            <column name="price" precision="3" scale="0" not-null="true" />
        </property>
        <property name="state" type="java.lang.Integer">
            <column name="state" not-null="true" />
        </property>
    </class>
</hibernate-mapping>
